ck,class
ccr1,cc
ccr2,cc
ccr3,cc
ccr4,cc
ccr5,cc
ccr6,cc
ccr7,cc
ccr8,cc
ccr9,cc
ccr10,cc
cxcr1,cxc
cxcr2,cxc
cxcr3,cxc
cxcr4,cxc
cxcr5,cxc
cxcr6,cxc
ackr1,ack
ackr2,ack
ackr3,ack
ackr4,ack
ccrl2,ack
cx3cr1,cx3c
xxcr1,xc
ccl1,cc
ccl2,cc
ccl3,cc
ccl3l1,cc
ccl4,cc
ccl4l1,cc
ccl5,cc
ccl6,cc
ccl7,cc
ccl8,cc
ccl9,cc
ccl10,cc
ccl11,cc
ccl12,cc
ccl13,cc
ccl14,cc
ccl15,cc
ccl16,cc
ccl17,cc
ccl18,cc
ccl19,cc
ccl20,cc
ccl21,cc
ccl22,cc
ccl23,cc
ccl24,cc
ccl25,cc
ccl26,cc
ccl27,cc
ccl28,cc
cxcl1,cxc
cxcl2,cxc
cxcl3,cxc
cxcl4,cxc
cxcl4l1,cxc
cxcl5,cxc
cxcl6,cxc
cxcl7,cxc
cxcl8,cxc
cxcl9,cxc
cxcl10,cxc
cxcl11,cxc
cxcl12,cxc
cxcl13,cxc
cxcl14,cxc
cxcl15,cxc
cxcl16,cxc
cxcl17,cxc
xcl1,xc
xcl2,xc
cx3cl1,cx3c