CONECT,ca1,ca2
CONECT,2442,1438
CONECT,2442,1447
CONECT,2442,1944
CONECT,2450,733
CONECT,2450,745
CONECT,2450,1909
CONECT,2450,2166
CONECT,2454,558
CONECT,2454,733
CONECT,2454,2166
CONECT,2461,161
CONECT,2461,558
CONECT,2461,733
CONECT,2461,2166
CONECT,2468,161
CONECT,2468,2166
CONECT,2472,76
CONECT,2472,107
CONECT,2472,587
CONECT,2472,2143
CONECT,2480,558
CONECT,2480,587
CONECT,2480,1297
CONECT,2488,44
CONECT,2488,76
CONECT,2488,2113
CONECT,2488,2143
CONECT,2495,1284
CONECT,2503,29
CONECT,2508,22
CONECT,2520,29
CONECT,2637,1250
CONECT,2658,1223
CONECT,2658,1241
CONECT,2669,1223
CONECT,2669,1309
CONECT,2681,1309
CONECT,2694,1303
CONECT,2694,1319
CONECT,2694,1364
CONECT,2694,1410
CONECT,2698,1410
CONECT,2698,1968
CONECT,2707,1364
CONECT,2707,1410
CONECT,2713,1364
CONECT,2713,1376
CONECT,2713,1410
CONECT,2719,1364
CONECT,2727,1364
CONECT,2798,13
CONECT,2806,13
CONECT,2817,13
CONECT,2852,1337
CONECT,2859,1337
