gene_symbol,aln
CCR1,---------------------------metpnttedydtttefdygdatpcqkvnera---fgaqllpplyslvfviglvgnilvvlvlvqy---krlk----nmtsiyllnlaisdllflftlpfwidyklkd---dwvf---gdamckilsgfyytglyseiffiilltidrylaivh-----avfalrar--------tvtfgvitsiiiwalailas-mpglyfsktqwefthht---cslhfphe----slrewklfqalklnlfglvlpllvmiicytgiikillrrpn--ek--kskavrlifvimiifflfwtpynltilisvfqdflft---heceqsrhldlavqvteviaythccvnpviyafvgerfrkylrqlfh--------rrvavhlvkwlpflsvdrlervsstspstgehelsagf-------------------
CCR2,-------------------mlstsrsrfirntnesgeevttffdydygapchkfdvkq---igaqllpplyslvfifgfvgnmlvvlilinc---kklk----cltdiyllnlaisdllflitlplwahsaan----ewvf---gnamcklftglyhigyfggiffiilltidrylaivh-----avfalkar--------tvtfgvvtsvitwlvavfas-vpgiiftkcqkedsvyv---cgpyf--------prgwnnfhtimrnilglvlpllimvicysgilktllrcrn---ekkrhravrviftimivyflfwtpynivillntfqeffgl---sncestsqldqatqvtetlgmthccinpiiyafvgekfrslfhial---------gcriaplqkpvcggpgvrpgknvkvttqglldgrgkgksigrapeaslqdkega---
CCR3,---------------------------mttsldtvetfgttsyyddvgllcekadtra---lmaqfvpplyslvftvgllgnvvvvmiliky---rrlr----imtniyllnlaisdllflvtlpfwihyvrgh---nwvf---ghgmckllsgfyhtglyseiffiilltidrylaivh-----avfalrar--------tvtfgvitsivtwglavlaa-lpefifyeteelfeetl---csalyped----tvyswrhfhtlrmtifclvlpllvmaicytgiiktllrcps--kk--kykairlifvimavffifwtpynvaillssyqsilfg---ndcerskhldlvmlvteviayshccmnpviyafvgerfrkylrhffh--------rhllmhlgryipflpseklertssvspstaepelsivf-------------------
CCR4,----------------------mnptdiadttldesiysnyylyesipkpctkegika---fgelflpplyslvfvfgllgnsvvvlvlfky---krlr----smtdvyllnlaisdllfvfslpfwgyyaad----qwvf---glglckmiswmylvgfysgiffvmlmsidrylaivh-----avfslrar--------tltygvitslatwsvavfas-lpgflfstcyternhty---cktkysl-----nsttwkvlssleinilglviplgimlfcysmiirtlqhckn--ek--knkavkmifavvvlflgfwtpynivlfletlvelevl---qdctferyldyaiqatetlafvhcclnpiiyfflgekfrkyilqlfk--------tcrglfvlcqycgllqiysadtpsssytqstmdhdlhdal-----------------
CCR5,-------------------------------mdyqvsspiydinyytsepcqkinvkq---iaarllpplyslvfifgfvgnmlvililinc---krlk----smtdiyllnlaisdlfflltvpfwahyaaa----qwdf---gntmcqlltglyfigffsgiffiilltidrylavvh-----avfalkar--------tvtfgvvtsvitwvvavfas-lpgiiftrsqkeglhyt---csshfpys----qyqfwknfqtlkivilglvlpllvmvicysgilktllrcrn---ekkrhravrliftimivyflfwapynivlllntfqeffgl---nncsssnrldqamqvtetlgmthccinpiiyafvgekfrnyllvffq--------khiakrfckccsifqqeaperassvytrstgeqeisvgl------------------
CCR6,---------------msgesmnfsdvfdssedyfvsvntsyysvdsemllcslqevrq---fsrlfvpiayslicvfgllgnilvvitfafy---kkar----smtdvyllnmaiadilfvltlpfwavshatg---awvf---snatckllkgiyainfncgmllltcismdryiaivq-----atksfrlrs---r---tlprskiiclvvwglsviissstfvfn-qkyntqgsdv---cepkyqtvsepi---rwkllmlglellfgffiplmfmifcytfivktlvqaqn--sk--rhkairviiavvlvflacqiphnmvllvtaanlgkmn---rscqsekligytktvtevlaflhcclnpvlyafigqkfrnyflkilkdlwcvrrkykssgfscagrysenisrqtsetadndnassftm-----------------------
CCR7,---mdlgkpmksvlvvallvifqvclcqdevtddyigdnttvdytlfeslcskkdvrn---fkawflpimysiicfvgllgnglvvltyiyf---krlk----tmtdtyllnlavadilflltlpfwaysaak----swvf---gvhfcklifaiykmsffsgmllllcisidryvaivq-----avsahrhra---r---vllisklscvgiwilatvls-ipellysdlqrssseqamr-cslitehv-------eafitiqvaqmvigflvpllamsfcylviirtllqarn--fe--rnkaikviiavvvvfivfqlpyngvvlaqtvanfnits--stcelskqlniaydvtyslacvrccvnpflyafigvkfrndlfklfkdlgclsqeqlrqwsscrhirrssmsveaettttfsp-----------------------------
CCR8,--------------------------mdytldlsvttvtdyyypdifsspcdaeliqt---ngklllavfycllfvfsllgnslvilvlvvc---kklr----sitdvyllnlalsdllfvfsfpfqtyylld----qwvf---gtvmckvvsgfyyigfyssmffitlmsvdrylavvh-----avyalkvr--------tirmgttlclavwltaimat-ipllvfyqvasedgvlq---cysfynq-----qtlkwkiftnfkmnilgllipftifmfcyikilhqlkrcqn--hn--ktkairlvlivviasllfwvpfnvvlfltslhsmhil---dgcsisqqltyathvteiisfthccvnpviyafvgekfkkhlseifq--------kscsqifnylgrqmprescekssscqqhssrsssvdyil------------------
CCR9,-------------mtptdftspipnmaddygsestssmedyvnfnftdfyceknnvrq---fashflpplywlvfivgalgnslvilvywyc---trvk----tmtdmfllnlaiadllflvtlpfwaiaaad----qwkf---qtfmckvvnsmykmnfyscvllimcisvdryiaiaq-----amrahtw------rekrllyskmvcftiwvlaaalc-ipeilysqikeesgiai---ctmvypsdest----klksavltlkvilgfflpfvvmaccytiiihtliqakk--ss--khkalkvtitvltvfvlsqfpyncillvqtidayamfi--sncavstnidicfqvtqtiaffhsclnpvlyvfvgerfrrdlvktlknlgcisqaqwvsftrregslklssmllettsgalsl-----------------------------
CCR10,--------------------mgteateqvswghysgdeedaysaeplpelcykadvqa---fsrafqpsvsltvaalglagnglvlathlaa---rraa---rsptsahllqlaladlllaltlpfaaagalq----gwsl---gsatcrtisglysasfhagflflacisadryvaiaralpag---------prps---tpgrahlvsvivwllsllla-lpallfsqdgqregqrr---crlifpegltq----tvkgasavaqvalgfalplgvmvacyallgrtllaarg--pe--rrralrvvvalvaafvvlqlpyslallldtadllaare--rscpaskrkdvallvtsglalarcglnpvlyaflglrfrqdlrrllrggscpsgpqprrgcprrprlsscsaptethslswdn-----------------------------
CXCR1,---------------------msnitdpqmwdfddlnftgmppadedyspcmletet----lnkyvviiayalvfllsllgnslvmlvilys---rvgr----svtdvyllnlaladllfaltlpiwaaskvn----gwif---gtflckvvsllkevnfysgilllacisvdrylaivh-----atrtltq---------krhlvkfvclgcwglsmnls-lpfflfrqayhpnnsspv--cyevlgnd-----takwrmvlrilphtfgfivplfvmlfcygftlrtlfkahm--gq--khramrvifavvlifllcwlpynlvlladtlmrtq-vi-qescerrnnigraldateilgflhsclnpiiyafigqnfrhgflkil---------amhglvskeflarhrvtsytsssvnvssnl---------------------------
CXCR2,------------medfnmesdsfedfwkgedlsnysysstlppflldaapcepesle----inkyfvviiyalvfllsllgnslvmlvilys---rvgr----svtdvyllnlaladllfaltlpiwaaskvn----gwif---gtflckvvsllkevnfysgilllacisvdrylaivh-----atrtltq---------krylvkficlsiwglsllla-lpvllfrrtvyssnvspa--cyedmgnnta-----nwrmllrilpqsfgfivpllimlfcygftlrtlfkahm--gq--khramrvifavvlifllcwlpynlvlladtlmrtq-vi-qetcerrnhidraldateilgilhsclnpliyafigqk---------frhgllkilaihgliskdslpkdsrpsfvgsssghtsttl--------------------------
CXCR3,--------mvlevsdhqvlndaevaallenfsssydygenesdscctsppcpqdfsln---fdraflpalysllfllgllgngavaavllsr---rtal----sstdtfllhlavadtllvltlplwavdaav----qwvf---gsglckvagalfninfyagalllacisfdrylnivh-----atqlyrrg--------pparvtltclavwglcllfa-lpdfiflsahhderlnath-cqynfp--------qvgrtalrvlqlvagfllpllvmaycyahilavllvsrg--qr--rlramrlvvvvvvafalcwtpyhlvvlvdilmdlg-al-arncgresrvdvaksvtsglgymhcclnpllyafvgvkfrermwmlll--------rlgcpnqrglqrqpsssrrdsswsetseasysgl-----------------------
CXCR4,-----------------------megisiytsdnyteemgsgdydsmkepcfreenan---fnkiflptiysiifltgivgnglvilvmgyq---kklr----smtdkyrlhlsvadllfvitlpfwavdava----nwyf---gnflckavhviytvnlyssvlilafisldrylaivh-----atnsqrpr--------kllaekvvyvgvwipalllt-ipdfifanvseaddryi---cdrfypn-------dlwvvvfqfqhimvglilpgivilscyciiisklshskg--hq--krkalkttvililaffacwlpyyigisidsfille-ii-kqgcefentvhkwisitealaffhcclnpilyaflgakfktsaqhalt--------svsrgsslkilskgkrgghssvstesesssfhss-----------------------
CXCR5,-------------mnypltlemdlenledlfweldrldnyndtslvenhlcpategplmasfkavfvpvayslifllgvignvlvlvilerh---rqtr----sstetflfhlavadlllvfilpfavaegsv----gwvl---gtflcktvialhkvnfycsslllaciavdrylaivh-----avhayrhr--------rllsihitcgtiwlvgflla-lpeilfakvsqghhnnslprctfsqenqae----thawftsrflyhvagfllpmlvmgwcyvgvvhrlrqaqr---rpqrqkavrvailvtsifflcwspyhivifldtlarlk-av-dntcklngslpvaitmceflglahcclnpmlytfagvkfrsdlsrllt--------klgctgpaslcqlfpswrrsslsesenatslttf-----------------------
CXCR6,---------------------------maehdyhedygfssfndssqeehqdflq------fskvflpcmylvvfvcglvgnslvlvisify---hklq----sltdvflvnlpladlvfvctlpfwayagih----ewvf---gqvmcksllgiytinfytsmliltcitvdrfivvvk-----atkaynqqa---k---rmtwgkvtslliwvisllvs-lpqiiygnvfnldkli----cgyhde---------aistvvlatqmtlgfflplltmivcysviiktllhagg--fq--khrslkiiflvmavflltqmpfnlmkfirsth----weyya----mtsfhytimvteaiaylraclnpvlyafvslkfrknfwklvkdigclpylgvshqwkssednsktfsashnveatsmfql---------------------------
CX3CR1,------------------------------mdqfpesvtenfeyddlaeacyigdivv---fgtvflsifysvifaiglvgnllvvfaltns---kkpk----svtdiyllnlalsdllfvatlpfwthylinekgl----hna---mckfttafffigffgsiffitvisidrylaivl-----aansmnnr--------tvqhgvtislgvwaaailva-apqfmftkqkene-------clgdypevl----qeiwpvlrnvetnflgfllpllimsycyfriiqtlfsckn--hk--kakaiklillvvivfflfwtpynvmifletlklyd-ff--pscdmrkdlrlalsvtetvafshcclnpliyafagekfrrylyhly---------gkclavlcgrsvhvdfsssesqrsrhgsvlssnftyhtsdgdallll----------
XCR1,-----------------------------messgnpesttffyydlqsqpcenqawv----fatlattvlyclvfllslvgnslvlwvlvky---esle----sltnifilnlclsdlvfacllpvwispyhw----gwvl---gdflckllnmifsislyssiffltimtihrylsvvs-----plstlrvp--------tlrcrvlvtmavwvasilssildtifh-kvlssg-------cdyselt---------wyltsvyqhnlf-fllslgiilfcyveilrtlfrsrs--kr--rhrtvklifaivvayflswgpynftlflqtlfrtq-ii--rsceakqqleyallicrnlafshccfnpvlyvfvgvkfrthlkhvlr--------qfwfcrlqapspasiphspgafayegasfy---------------------------
ACKR1,mgnclhraelspstenssqldfedvwnssygvndsfpdgdyganleaaapchscn------llddsalpffiltsvlgilasstvlfmlfrplfr----wql-cpgwpvlaqlavgsalfsivvpvlapglgstrs------sa---lcslgycvwygsafaqalllgchaslghrlgagq--------------------vpgltlgltvgiwgvaallt-lpvtlasgasggl-------ctliy--------stelkalqathtvac-laifvllplglfgakglk----kalgmg------pgpwmnilwawfifwwphgvvlgldflvrsk-llllstclaqqaldlllnlaealailhcvatplllalfchqatrtllpslp--------lpegwsshldtlgsks-----------------------------------------
ACKR2,---------------maataspqplatedadsenssfyyydyldevafmlcrkdavvs---fgkvflpvfyslifvlglsgnllllmvllry---vprr----rmveiyllnlaisnllflvtlpfwgisvaw----hwvf---gsflckmvstlytinfysgiffiscmsldkyleivh-----aqpyhrlr--------trakslllativwavslavs-ipdmvfvqthenpkgvwn--chadfggh-----gtiwklflrfqqnllgfllpllamiffysrigcvlvrlrp--ag--qgralkiaaalvvaffvlwfpynltlflhtlldlq-vf--gncevsqhldyalqvtesiaflhccfspilyafsshrfrqylkafl---------aavlgwhlapgtaqaslsscsessiltaqeemtgmndlgerqsenypnkedvgnksa
ACKR3,-----------------mdlhlfdysepgnfsdiswpcnssdcivvdtvmcpnmpnks---vllytlsfiyififvigmiansvvvwvniqa---kttg----ydthcyilnlaiadlwvvltipvwvvslvqhn--qwpm---geltckvthlifsinlfgsiffltcmsvdrylsityftnt----------pssr---kkmvrrvvcilvwllafcvs-lpdtyylktvtsasnnety-crsfypehsike----wligmelvsvvlgfavpfsiiavfyfllaraisassd--qe--khssrkiifsyvvvflvcwlpyhvavlldifsilh-yi-pftcrlehalftalhvtqclslvhccvnpvlysfinrnyryelmkafifk------ysaktgltklidasrvseteysaleqstk----------------------------
ACKR4,--------------------maleqnqstdyyyeenemngtydysqyelicikedvre---fakvflpvfltivfviglagnsmvvaiyayy---kkqr----tktdvyilnlavadllllftlpfwavnavh----gwvl---gkimckitsalytlnfvsgmqflacisidryvavtkvps------------qsg---vgkpcwiicfcvwmaaills-ipqlvfytvndnar------cipifprylgt----smkaliqmleicigfvvpflimgvcyfitartlmkmpn--ik--isrplkvlltvvivfivtqlpynivkfcraidiiy-sl-itscnmskrmdiaiqvtesialfhsclnpilyvfmgasfknyvmkvakkygswrrqrqsveefpfdsegpteptstfsi----------------------------------
CCRL2,-----------------------manytlapedeydvliegelesdeaeqcdkydaqa---lsaqlvpslcsavfvigvldnllvvlilvky---kglk----rveniyllnlavsnlcflltlpfwaha---ggd-----pmc-----kiliglyfvglysetffnclltvqrylvflh-----kgnffsarr-------rvpcgiitsvlawvtailat-lpefvvykpqmedqkyk---cafsrtpflpa-detfwkhfltlkmnisvlvlplfiftflyvqmrktlrf-re---q--ryslfklvfaimvvfllmwapyniafflstfkehf-sl--sdckssynldksvhitkliatthccinpllyafldgtfskylcrcfh--------lrsntplqprgqsaqgtsreepdhstev-----------------------------
