bwccn,dom
NTc,NTc
NTc.Cm10,NTc
NTc.Cm9,NTc
NTc.Cm8,NTc
NTc.Cm7,NTc
NTc.Cm6,NTc
NTc.Cm5,NTc
NTc.Cm4,NTc
NTc.Cm3,NTc
NTc.Cm2,NTc
NTc.Cm1,NTc
NTc.Cm0,NTc
CX.1,CX
CX.2,CX
CX.3,CX
CX.4,CX
CX.5,CX
cxb1.1,cxb1
cxb1.2,cxb1
cxb1.3,cxb1
cxb1.4,cxb1
cxb1.5,cxb1
cxb1.6,cxb1
cxb1.7,cxb1
cxb1.8,cxb1
cxb1.9,cxb1
cxb1.10,cxb1
cxb1.11,cxb1
cxb1.12,cxb1
cxb1.13,cxb1
cxb1.14,cxb1
cxb1.15,cxb1
cxb1.16,cxb1
cxb1.17,cxb1
cxb1.18,cxb1
cxb1.19,cxb1
B1.1,B1
B1.2,B1
B1.3,B1
B1.4,B1
B1.5,B1
B1.6,B1
B1.7,B1
b1b2.1,b1b2
b1b2.2,b1b2
b1b2.3,b1b2
b1b2.4,b1b2
b1b2.5,b1b2
b1b2.6,b1b2
b1b2.7,b1b2
b1b2.8,b1b2
b1b2.9,b1b2
b1b2.10,b1b2
b1b2.11,b1b2
b1b2.12,b1b2
b1b2.13,b1b2
b1b2.14,b1b2
b1b2.15,b1b2
b1b2.16,b1b2
b1b2.17,b1b2
b1b2.18,b1b2
b1b2.19,b1b2
b1b2.20,b1b2
b1b2.21,b1b2
b1b2.22,b1b2
b1b2.23,b1b2
b1b2.24,b1b2
b1b2.25,b1b2
B2.1,B2
B2.2,B2
B2.3,B2
B2.4,B2
B2.5,B2
B2.6,B2
b2b3.1,b2b3
b2b3.2,b2b3
b2b3.3,b2b3
b2b3.4,b2b3
b2b3.5,b2b3
b2b3.6,b2b3
b2b3.7,b2b3
b2b3.8,b2b3
b2b3.9,b2b3
b2b3.10,b2b3
b2b3.11,b2b3
b2b3.12,b2b3
B3.1,B3
B3.2,B3
B3.3,B3
B3.4,B3
b3h.1,b3h1
b3h.2,b3h1
b3h.3,b3h1
b3h.4,b3h1
b3h.5,b3h1
b3h.6,b3h1
H.1,H
H.2,H
H.3,H
H.4,H
H.5,H
H.6,H
H.7,H
H.8,H
H.9,H
H.10,H
NTr,NTr
NTr.Cm8,NTr
NTr.Cm7,NTr
NTr.Cm6,NTr
NTr.Cm5,NTr
NTr.Cm4,NTr
NTr.Cm3,NTr
NTr.Cm2,NTr
NTr.Cm1,NTr
NTr.Cys,NTr
NTr.Cp1,NTr
1x24,TM1
1x25,TM1
1x26,TM1
1x27,TM1
1x28,TM1
1x29,TM1
1x30,TM1
1x31,TM1
1x32,TM1
1x33,TM1
1x34,TM1
1x35,TM1
1x36,TM1
1x37,TM1
1x38,TM1
1x39,TM1
1x40,TM1
1x41,TM1
1x42,TM1
1x43,TM1
1x44,TM1
1x45,TM1
1x46,TM1
1x47,TM1
1x48,TM1
1x49,TM1
1x50,TM1
1x51,TM1
1x52,TM1
1x53,TM1
1x54,TM1
1x55,TM1
1x56,TM1
1x57,TM1
1x58,TM1
1x59,TM1
1x60,TM1
12x48,ICL1
12x49,ICL1
12x50,ICL1
12x51,ICL1
2x36,TM2
2x37,TM2
2x38,TM2
2x39,TM2
2x40,TM2
2x41,TM2
2x42,TM2
2x43,TM2
2x44,TM2
2x45,TM2
2x46,TM2
2x47,TM2
2x48,TM2
2x49,TM2
2x50,TM2
2x51,TM2
2x52,TM2
2x53,TM2
2x54,TM2
2x55,TM2
2x56,TM2
2x57,TM2
2x58,TM2
2x59,TM2
2x60,TM2
2x61,TM2
2x62,TM2
2x63,TM2
2x64,TM2
2x65,TM2
2x66,TM2
2x67,TM2
ECL1,ECL1
23x49,ECL1
23x50,ECL1
23x51,ECL1
23x52,ECL1
3x18,TM3
3x19,TM3
3x20,TM3
3x21,TM3
3x22,TM3
3x23,TM3
3x24,TM3
3x25,TM3
3x26,TM3
3x27,TM3
3x28,TM3
3x29,TM3
3x30,TM3
3x31,TM3
3x32,TM3
3x33,TM3
3x34,TM3
3x35,TM3
3x36,TM3
3x37,TM3
3x38,TM3
3x39,TM3
3x40,TM3
3x41,TM3
3x42,TM3
3x43,TM3
3x44,TM3
3x45,TM3
3x46,TM3
3x47,TM3
3x48,TM3
3x49,TM3
3x50,TM3
3x51,TM3
3x52,TM3
3x53,TM3
3x54,TM3
3x55,TM3
3x56,TM3
ICL2,ICL2
34x50,ICL2
34x51,ICL2
34x52,ICL2
34x53,ICL2
34x54,ICL2
34x55,ICL2
34x56,ICL2
34x57,ICL2
34x58,ICL2
4x35,TM4
4x36,TM4
4x37,TM4
4x38,TM4
4x39,TM4
4x40,TM4
4x41,TM4
4x42,TM4
4x43,TM4
4x44,TM4
4x45,TM4
4x46,TM4
4x47,TM4
4x48,TM4
4x49,TM4
4x491,TM4
4x50,TM4
4x51,TM4
4x52,TM4
4x53,TM4
4x54,TM4
4x55,TM4
4x56,TM4
4x57,TM4
4x58,TM4
4x59,TM4
4x60,TM4
4x61,TM4
4x62,TM4
4x63,TM4
4x64,TM4
4x65,TM4
4x66,TM4
4x67,TM4
4x68,TM4
ECL2,ECL2
45x40,ECL2
45x41,ECL2
45x42,ECL2
45x43,ECL2
45x44,ECL2
45x45,ECL2
45x46,ECL2
45x47,ECL2
45x48,ECL2
45x49,ECL2
45x50,ECL2
45x51,ECL2
45x52,ECL2
45x53,ECL2
45x54,ECL2
45x55,ECL2
45x56,ECL2
45x57,ECL2
5x31,TM5
5x32,TM5
5x33,TM5
5x34,TM5
5x35,TM5
5x36,TM5
5x37,TM5
5x38,TM5
5x39,TM5
5x40,TM5
5x41,TM5
5x42,TM5
5x421,TM5
5x43,TM5
5x44,TM5
5x45,TM5
5x46,TM5
5x47,TM5
5x48,TM5
5x49,TM5
5x50,TM5
5x51,TM5
5x52,TM5
5x53,TM5
5x54,TM5
5x55,TM5
5x56,TM5
5x57,TM5
5x58,TM5
5x59,TM5
5x60,TM5
5x61,TM5
5x62,TM5
5x63,TM5
5x64,TM5
5x65,TM5
5x66,TM5
5x67,TM5
5x68,TM5
5x69,TM5
5x70,TM5
5x71,TM5
ICL3,ICL3
6x28,TM6
6x29,TM6
6x30,TM6
6x31,TM6
6x32,TM6
6x33,TM6
6x34,TM6
6x35,TM6
6x36,TM6
6x37,TM6
6x38,TM6
6x39,TM6
6x40,TM6
6x41,TM6
6x42,TM6
6x43,TM6
6x44,TM6
6x45,TM6
6x46,TM6
6x47,TM6
6x48,TM6
6x49,TM6
6x50,TM6
6x51,TM6
6x52,TM6
6x53,TM6
6x54,TM6
6x55,TM6
6x56,TM6
6x57,TM6
6x58,TM6
6x59,TM6
6x60,TM6
6x61,TM6
6x62,TM6
6x63,TM6
6x64,TM6
6x65,TM6
ECL3,ECL3
7x23,TM7
7x24,TM7
7x25,TM7
7x26,TM7
7x27,TM7
7x28,TM7
7x29,TM7
7x30,TM7
7x31,TM7
7x32,TM7
7x33,TM7
7x34,TM7
7x35,TM7
7x36,TM7
7x37,TM7
7x38,TM7
7x39,TM7
7x40,TM7
7x41,TM7
7x42,TM7
7x43,TM7
7x45,TM7
7x46,TM7
7x47,TM7
7x48,TM7
7x49,TM7
7x50,TM7
7x51,TM7
7x52,TM7
7x53,TM7
7x54,TM7
7x55,TM7
7x56,TM7
8x47,H8
8x48,H8
8x49,H8
8x50,H8
8x51,H8
8x52,H8
8x53,H8
8x54,H8
8x55,H8
8x56,H8
8x57,H8
8x58,H8
8x59,H8
8x60,H8
8x61,H8
8x62,H8
8x63,H8
8x64,H8
8x65,H8
8x66,H8
8x67,H8
8x68,H8
8x69,H8
8x70,H8
8x71,H8
8x72,H8
CT,CT
ECL2.Cp1,ECL2
ECL2.Cp2,ECL2
ECL2.Cp3,ECL2
ECL2.Cp4,ECL2
ECL2.Cp5,ECL2
ECL2.Cp6,ECL2
ECL2.Cp7,ECL2
ECL2.Cp8,ECL2
ECL2.Cp9,ECL2
ECL2.Cp10,ECL2
ECL2.Cp11,ECL2
ECL2.Cp12,ECL2
ECL2.Cp13,ECL2
ECL2.Cp14,ECL2
ECL2.Cp15,ECL2
ECL2.Cp16,ECL2
ECL2.Cp17,ECL2
ECL2.Cp18,ECL2
ECL2.Cp19,ECL2
ECL2.Cp20,ECL2
ECL2.Cp21,ECL2
ECL2.Cm1,ECL2
ECL2.Cm2,ECL2
ECL3.Cm1,ECL3
ECL3.Cm2,ECL3
ECL3.Cm3,ECL3
ECL3.Cm4,ECL3
ECL3.Cm5,ECL3
ECL3.Cm6,ECL3
ECL3.Cm7,ECL3
ECL3.Cm8,ECL3
ECL3.Cm9,ECL3
ECL3.Cm10,ECL3
ECL3.Cm11,ECL3
ECL3.Cm12,ECL3
ECL3.Cm13,ECL3
ECL3.Cm14,ECL3
NTr.Cm1,NTr
NTr.Cm2,NTr
NTr.Cp1,NTr
NTr.Cp2,NTr
NTr.Cp3,NTr
NTr.Cp4,NTr
NTr.Cp5,NTr
NTr.Cp6,NTr
NTr.Cp7,NTr
NTr.Cp8,NTr
NTr.Cp9,NTr
NTr.Cp10,NTr
ECL2.Cm1,ECL2
ECL2.Cm2,ECL2
ECL2.Cm3,ECL2
ECL2.Cm4,ECL2
ECL2.Cm5,ECL2
ECL2.Cm6,ECL2
ECL2.Cm7,ECL2
ECL2.Cm8,ECL2
ECL2.Cm9,ECL2
ECL2.Cm10,ECL2
ECL2.Cm11,ECL2
ECL2.Cm12,ECL2
ECL2.Cm13,ECL2
NTr.Cm9,NTr
NTr.Cm10,NTr
NTr.Cm11,NTr
NTr.Cm12,NTr
5x461,TM5
4x39,TM3
4x40,TM4
4x38,TM4
1x22,TM1
1x23,TM1
1x24,TM1
1x25,TM1
1x26,TM1
1x27,TM1
1x28,TM1
1x29,TM1
1x291,TM1
1x292,TM1
1x293,TM1
NTr.Cm1,NTr
NTr.Cm2,NTr
NTr.Cm3,NTr
NTr.Cm4,NTr
NTr.Cm5,NTr
NTr.Cm6,NTr
NTr.Cm7,NTr
NTr.Cm8,NTr
NTr.Cm9,NTr
NTr.Cm10,NTr
NTr.Cm11,NTr
NTr.Cm12,NTr
NTr.Cm13,NTr
NTr.Cm14,NTr
NTr.Cm15,NTr
NTr.Cm16,NTr
NTr.Cm17,NTr
NTr.Cm18,NTr
NTr.Cm19,NTr
NTr.Cm20,NTr
NTr.Cm21,NTr
NTr.Cm22,NTr
NTr.Cm23,NTr
NTr.Cm24,NTr
NTr.Cm25,NTr
NTr.Cm26,NTr
NTr.Cm27,NTr
NTr.Cm28,NTr
NTr.Cm29,NTr
NTr.Cm30,NTr
NTr.Cm31,NTr
NTr.Cm32,NTr
NTr.Cm33,NTr
NTr.Cm34,NTr
NTr.Cm35,NTr
NTr.Cm36,NTr
NTr.Cm37,NTr
NTr.Cm38,NTr
NTr.Cm39,NTr
NTr.Cm40,NTr
NTr.Cm41,NTr
NTr.Cm42,NTr
NTr.Cm43,NTr
NTr.Cm44,NTr
NTr.Cm45,NTr
NTr.Cm46,NTr
NTr.Cm47,NTr
NTr.Cm48,NTr
NTr.Cm49,NTr
NTr.Cm50,NTr
ICL2.1,ICL2
ICL2.2,ICL2
ICL2.3,ICL2
ICL2.4,ICL2
ICL2.5,ICL2
ICL2.6,ICL2
ICL2.7,ICL2
ICL2.8,ICL2
ICL2.9,ICL2
ECL2.1,ECL2
ECL2.2,ECL2
ECL2.3,ECL2
ECL2.4,ECL2
ECL2.5,ECL2
ECL2.6,ECL2
ECL2.7,ECL2
ECL2.8,ECL2
ECL2.9,ECL2
ECL2.10,ECL2
ECL2.11,ECL2
ECL2.12,ECL2
ECL2.13,ECL2
ECL2.14,ECL2
ECL2.15,ECL2
ECL2.16,ECL2
ICL3.1,ICL3
ICL3.2,ICL3
ICL3.3,ICL3
ICL3.4,ICL3
ICL3.5,ICL3
ICL3.6,ICL3
ICL3.7,ICL3
ICL3.8,ICL3
ICL3.9,ICL3
ICL3.10,ICL3
ECL3.1,ECL3
ECL3.2,ECL3
ECL3.3,ECL3
ECL3.4,ECL3
ECL3.5,ECL3
ECL3.6,ECL3
ECL3.7,ECL3
ECL3.8,ECL3
ECL3.9,ECL3
ECL3.10,ECL3
CT.1,CT
CT.2,CT
CT.3,CT
CT.4,CT
CT.5,CT
CT.6,CT
CT.7,CT
CT.8,CT
CT.9,CT
CT.10,CT
CT.11,CT
CT.12,CT
CT.13,CT
CT.14,CT
CT.15,CT
CT.16,CT
CT.17,CT
CT.18,CT
CT.19,CT
CT.20,CT
CT.21,CT
CT.22,CT
CT.23,CT
CT.24,CT
CT.25,CT
CT.26,CT
CT.27,CT
CT.28,CT
CT.29,CT
CT.30,CT
CT.31,CT
CT.32,CT
CT.33,CT
CT.34,CT
CT.35,CT
CT.36,CT
CT.37,CT
CT.38,CT
CT.39,CT
CT.40,CT
CT.41,CT
CT.42,CT
CT.43,CT
CT.44,CT
CT.45,CT
CT.46,CT
CT.47,CT
CT.48,CT
CT.49,CT
CT.50,CT
CT.51,CT
CT.52,CT
CT.53,CT
CT.54,CT
CT.55,CT
CT.56,CT
CT.57,CT
CT.58,CT
CT.59,CT
CT.60,CT
CT.61,CT
CT.62,CT
CT.63,CT
CT.64,CT
CT.65,CT
CT.66,CT
CT.67,CT
CT.68,CT
CT.69,CT
CT.70,CT
CT.71,CT
CT.72,CT
CT.73,CT
CT.74,CT
CT.75,CT
CT.76,CT
CT.77,CT
CT.78,CT
CT.79,CT
CT.80,CT
CT.81,CT
CT.82,CT
CT.83,CT
CT.84,CT
CT.85,CT
CT.86,CT
CT.87,CT
CT.88,CT
CT.89,CT
CT.90,CT
CT.91,CT
CT.92,CT
CT.93,CT
CT.94,CT
CT.95,CT
CT.96,CT
CT.97,CT
CT.98,CT
CT.99,CT
CT.100,CT
CT.101,CT
CT.102,CT
CT.103,CT
CT.104,CT
CT.105,CT
CT.106,CT
CT.107,CT
CT.108,CT
CT.109,CT
CT.110,CT
CT.111,CT
CT.112,CT
CT.113,CT
CT.114,CT
CT.115,CT
CT.116,CT
CT.117,CT
CT.118,CT
CT.119,CT
CT.120,CT
CT.121,CT
CT.122,CT
CT.123,CT
CT.124,CT
CT.125,CT
CT.126,CT
CT.127,CT
CT.128,CT
CT.129,CT
CT.130,CT
CT.131,CT
CT.132,CT
CT.133,CT
CT.134,CT
CT.135,CT
CT.136,CT
CT.137,CT
CT.138,CT
CT.139,CT
CT.140,CT
CT.141,CT
CT.142,CT
CT.143,CT
CT.144,CT
CT.145,CT
CT.146,CT
CT.147,CT
CT.148,CT
CT.149,CT
CT.150,CT
CT.151,CT
CT.152,CT
CT.153,CT
CT.154,CT
CT.155,CT
CT.156,CT
CT.157,CT
CT.158,CT
CT.159,CT
CT.160,CT
CT.161,CT
CT.162,CT
CT.163,CT
CT.164,CT
CT.165,CT
CT.166,CT
CT.167,CT
CT.168,CT
CT.169,CT
CT.170,CT
CT.171,CT
CT.172,CT
CT.173,CT
CT.174,CT
CT.175,CT
CT.176,CT
CT.177,CT
CT.178,CT
CT.179,CT
CT.180,CT
CT.181,CT
CT.182,CT
CT.183,CT
CT.184,CT
CT.185,CT
CT.186,CT
CT.187,CT
CT.188,CT
CT.189,CT
CT.190,CT
CT.191,CT
CT.192,CT
CT.193,CT
CT.194,CT
CT.195,CT
CT.196,CT
CT.197,CT
CT.198,CT
CT.199,CT
CT.200,CT
CT.201,CT
CT.202,CT
CT.203,CT
CT.204,CT
CT.205,CT
CT.206,CT
CT.207,CT
CT.208,CT
CT.209,CT
CT.210,CT
CT.211,CT
CT.212,CT
CT.213,CT
CT.214,CT
CT.215,CT
CT.216,CT
CT.217,CT
CT.218,CT
CT.219,CT
CT.220,CT
CT.221,CT
CT.222,CT
CT.223,CT
CT.224,CT
CT.225,CT
CT.226,CT
CT.227,CT
CT.228,CT
CT.229,CT
CT.230,CT
CT.231,CT
CT.232,CT
CT.233,CT
CT.234,CT
CT.235,CT
CT.236,CT
CT.237,CT
CT.238,CT
CT.239,CT
CT.240,CT
CT.241,CT
CT.242,CT
CT.243,CT
CT.244,CT
CT.245,CT
CT.246,CT
CT.247,CT
CT.248,CT
CT.249,CT
CT.250,CT
CT.251,CT
CT.252,CT
CT.253,CT
CT.254,CT
CT.255,CT
CT.256,CT
CT.257,CT
CT.258,CT
CT.259,CT
CT.260,CT
CT.261,CT
CT.262,CT
CT.263,CT
CT.264,CT
CT.265,CT
CT.266,CT
CT.267,CT
CT.268,CT
CT.269,CT
CT.270,CT
CT.271,CT
CT.272,CT
CT.273,CT
CT.274,CT
CT.275,CT
CT.276,CT
CT.277,CT
CT.278,CT
CT.279,CT
CT.280,CT
CT.281,CT
CT.282,CT
CT.283,CT
CT.284,CT
CT.285,CT
CT.286,CT
CT.287,CT
CT.288,CT
CT.289,CT
CT.290,CT
CT.291,CT
CT.292,CT
CT.293,CT
CT.294,CT
CT.295,CT
CT.296,CT
CT.297,CT
CT.298,CT
CT.299,CT
CT.300,CT
CT.301,CT
CT.302,CT
CT.303,CT
CT.304,CT
CT.305,CT
CT.306,CT
CT.307,CT
CT.308,CT
CT.309,CT
CT.310,CT
CT.311,CT
CT.312,CT
CT.313,CT
CT.314,CT
CT.315,CT
CT.316,CT
CT.317,CT
CT.318,CT
CT.319,CT
CT.320,CT
CT.321,CT
CT.322,CT
CT.323,CT
CT.324,CT
CT.325,CT
CT.326,CT
CT.327,CT
CT.328,CT
CT.329,CT
CT.330,CT
CT.331,CT
CT.332,CT
CT.333,CT
CT.334,CT
CT.335,CT
CT.336,CT
CT.337,CT
CT.338,CT
CT.339,CT
CT.340,CT
CT.341,CT
CT.342,CT
CT.343,CT
ICL1.1,ICL1
ICL1.2,ICL1
ICL1.3,ICL1
ICL1.4,ICL1
ICL1.5,ICL1
ICL1.6,ICL1
ICL1.7,ICL1
ICL1.8,ICL1
ICL1.9,ICL1
ICL1.10,ICL1
ECL1.1,ECL1
ECL1.2,ECL1
ECL1.3,ECL1
ECL1.4,ECL1
ECL1.5,ECL1
ECL1.6,ECL1
ECL1.7,ECL1
NTc.Cm11,NTc
NTc.Cm12,NTc
NTc.Cm13,NTc
NTc.Cm14,NTc
NTc.Cm15,NTc
NTc.Cm16,NTc
NTc.Cm17,NTc
NTc.Cm18,NTc
NTc.Cm19,NTc
NTc.Cm20,NTc
NTc.Cm21,NTc
NTc.Cm22,NTc
NTc.Cm23,NTc
NTc.Cm24,NTc
NTc.Cm25,NTc
NTc.Cm26,NTc
NTc.Cm27,NTc
NTc.Cm28,NTc
NTc.Cm29,NTc
NTc.Cm30,NTc
NTc.Cm31,NTc
NTc.Cm32,NTc
NTc.Cm33,NTc
NTc.Cm34,NTc
NTc.Cm35,NTc
NTc.Cm36,NTc
NTc.Cm37,NTc
NTc.Cm38,NTc
NTc.Cm39,NTc
NTc.Cm40,NTc
NTc.Cm41,NTc
NTc.Cm42,NTc
NTc.Cm43,NTc
NTc.Cm44,NTc
NTc.Cm45,NTc
NTc.Cm46,NTc
NTc.Cm47,NTc
NTc.Cm48,NTc
NTc.Cm49,NTc
NTc.Cm50,NTc
NTc.Cm51,NTc
NTc.Cm52,NTc
NTc.Cm53,NTc
NTc.Cm54,NTc
NTc.Cm55,NTc
NTc.Cm56,NTc
NTc.Cm57,NTc
NTc.Cm58,NTc
NTc.Cm59,NTc
NTc.Cm60,NTc
NTc.Cm61,NTc
NTc.Cm62,NTc
NTc.Cm63,NTc
NTc.Cm64,NTc
NTc.Cm65,NTc
NTc.Cm66,NTc
NTc.Cm67,NTc
NTc.Cm68,NTc
NTc.Cm69,NTc
NTc.Cm70,NTc
NTc.Cm71,NTc
NTc.Cm72,NTc
NTc.Cm73,NTc
NTc.Cm74,NTc
NTc.Cm75,NTc
NTc.Cm76,NTc
NTc.Cm77,NTc
NTc.Cm78,NTc
NTc.Cm79,NTc
NTc.Cm80,NTc
NTc.Cm81,NTc
NTc.Cm82,NTc
NTc.Cm83,NTc
NTc.Cm84,NTc
NTc.Cm85,NTc
NTc.Cm86,NTc
NTc.Cm87,NTc
NTc.Cm88,NTc
NTc.Cm89,NTc
NTc.Cm90,NTc
NTc.Cm91,NTc
NTc.Cm92,NTc
NTc.Cm93,NTc
NTc.Cm94,NTc
NTc.Cm95,NTc
NTc.Cm96,NTc
NTc.Cm97,NTc
NTc.Cm98,NTc
NTc.Cm99,NTc
NTc.Cm100,NTc
NTc.Cm101,NTc
NTc.Cm102,NTc
NTc.Cm103,NTc
NTc.Cm104,NTc
NTc.Cm105,NTc
NTc.Cm106,NTc
NTc.Cm107,NTc
NTc.Cm108,NTc
NTc.Cm109,NTc
NTc.Cm110,NTc
NTc.Cm111,NTc
NTc.Cm112,NTc
NTc.Cm113,NTc
NTc.Cm114,NTc
NTc.Cm115,NTc
NTc.Cm116,NTc
NTc.Cm117,NTc
NTc.Cm118,NTc
NTc.Cm119,NTc
NTc.Cm120,NTc
NTc.Cm121,NTc
NTc.Cm122,NTc
NTc.Cm123,NTc
NTc.Cm124,NTc
NTc.Cm125,NTc
NTc.Cm126,NTc
NTc.Cm127,NTc
NTc.Cm128,NTc
NTc.Cm129,NTc
NTc.Cm130,NTc
NTc.Cm131,NTc
NTc.Cm132,NTc
NTc.Cm133,NTc
NTc.Cm134,NTc
NTc.Cm135,NTc
NTc.Cm136,NTc
NTc.Cm137,NTc
NTc.Cm138,NTc
NTc.Cm139,NTc
NTc.Cm140,NTc
NTc.Cm141,NTc
NTc.Cm142,NTc
NTc.Cm143,NTc
NTc.Cm144,NTc
NTc.Cm145,NTc
NTc.Cm146,NTc
NTc.Cm147,NTc
NTc.Cm148,NTc
NTc.Cm149,NTc
NTc.Cm150,NTc
NTc.Cm151,NTc
NTc.Cm152,NTc
NTc.Cm153,NTc
NTc.Cm154,NTc
NTc.Cm155,NTc
NTc.Cm156,NTc
NTc.Cm157,NTc
NTc.Cm158,NTc
NTc.Cm159,NTc
NTc.Cm160,NTc
NTc.Cm161,NTc
NTc.Cm162,NTc
NTc.Cm163,NTc
NTc.Cm164,NTc
NTc.Cm165,NTc
NTc.Cm166,NTc
NTc.Cm167,NTc
NTc.Cm168,NTc
NTc.Cm169,NTc
NTc.Cm170,NTc
NTc.Cm171,NTc
NTc.Cm172,NTc
NTc.Cm173,NTc
NTc.Cm174,NTc
NTc.Cm175,NTc
NTc.Cm176,NTc
NTc.Cm177,NTc
NTc.Cm178,NTc
NTc.Cm179,NTc
NTc.Cm180,NTc
NTc.Cm181,NTc
NTc.Cm182,NTc
NTc.Cm183,NTc
NTc.Cm184,NTc
NTc.Cm185,NTc
NTc.Cm186,NTc
NTc.Cm187,NTc
NTc.Cm188,NTc
NTc.Cm189,NTc
NTc.Cm190,NTc
NTc.Cm191,NTc
NTc.Cm192,NTc
NTc.Cm193,NTc
NTc.Cm194,NTc
NTc.Cm195,NTc
NTc.Cm196,NTc
NTc.Cm197,NTc
NTc.Cm198,NTc
NTc.Cm199,NTc
NTc.Cm200,NTc
NTc.Cm201,NTc
NTc.Cm202,NTc
NTc.Cm203,NTc
NTc.Cm204,NTc
NTc.Cm205,NTc
NTc.Cm206,NTc
NTc.Cm207,NTc
NTc.Cm208,NTc
NTc.Cm209,NTc
NTc.Cm210,NTc
NTc.Cm211,NTc
NTc.Cm212,NTc
NTc.Cm213,NTc
NTc.Cm214,NTc
NTc.Cm215,NTc
NTc.Cm216,NTc
NTc.Cm217,NTc
NTc.Cm218,NTc
NTc.Cm219,NTc
NTc.Cm220,NTc
NTc.Cm221,NTc
NTc.Cm222,NTc
NTc.Cm223,NTc
NTc.Cm224,NTc
NTc.Cm225,NTc
NTc.Cm226,NTc
NTc.Cm227,NTc
NTc.Cm228,NTc
NTc.Cm229,NTc
NTc.Cm230,NTc
NTc.Cm231,NTc
NTc.Cm232,NTc
NTc.Cm233,NTc
NTc.Cm234,NTc
NTc.Cm235,NTc
NTc.Cm236,NTc
NTc.Cm237,NTc
NTc.Cm238,NTc
NTc.Cm239,NTc
NTc.Cm240,NTc
NTc.Cm241,NTc
NTc.Cm242,NTc
NTc.Cm243,NTc
NTc.Cm244,NTc
NTc.Cm245,NTc
NTc.Cm246,NTc
NTc.Cm247,NTc
NTc.Cm248,NTc
NTc.Cm249,NTc
NTc.Cm250,NTc
NTc.Cm251,NTc
NTc.Cm252,NTc
NTc.Cm253,NTc
NTc.Cm254,NTc
NTc.Cm255,NTc
NTc.Cm256,NTc
NTc.Cm257,NTc
NTc.Cm258,NTc
NTc.Cm259,NTc
NTc.Cm260,NTc
NTc.Cm261,NTc
NTc.Cm262,NTc
NTc.Cm263,NTc
NTc.Cm264,NTc
NTc.Cm265,NTc
NTc.Cm266,NTc
NTc.Cm267,NTc
NTc.Cm268,NTc
NTc.Cm269,NTc
NTc.Cm270,NTc
NTc.Cm271,NTc
NTc.Cm272,NTc
NTc.Cm273,NTc
NTc.Cm274,NTc
NTc.Cm275,NTc
NTc.Cm276,NTc
NTc.Cm277,NTc
NTc.Cm278,NTc
NTc.Cm279,NTc
NTc.Cm280,NTc
NTc.Cm281,NTc
NTc.Cm282,NTc
NTc.Cm283,NTc
NTc.Cm284,NTc
NTc.Cm285,NTc
NTc.Cm286,NTc
NTc.Cm287,NTc
NTc.Cm288,NTc
NTc.Cm289,NTc
NTc.Cm290,NTc
NTc.Cm291,NTc
NTc.Cm292,NTc
NTc.Cm293,NTc
NTc.Cm294,NTc
NTc.Cm295,NTc
NTc.Cm296,NTc
NTc.Cm297,NTc
NTc.Cm298,NTc
NTc.Cm299,NTc
NTc.Cm300,NTc
NTc.Cm301,NTc
NTc.Cm302,NTc
NTc.Cm303,NTc
NTc.Cm304,NTc
NTc.Cm305,NTc
NTc.Cm306,NTc
NTc.Cm307,NTc
NTc.Cm308,NTc